{
  "0": [
    "immigrant",
    "war",
    "free",
    "amazing",
    "etc",
    "far",
    "cross",
    "iameuropean",
    "boat",
    "play",
    "maybe",
    "book",
    "wrong",
    "fuck",
    "like",
    "daily",
    "hate",
    "greece",
    "islam",
    "escape"
  ],
  "1": [
    "refugee",
    "iraq",
    "humanrights",
    "stand",
    "important",
    "poor",
    "citizen",
    "economic",
    "flee",
    "iran",
    "join",
    "instagram",
    "parliament",
    "donate",
    "try",
    "al",
    "worry",
    "end",
    "fake",
    "dover"
  ],
  "2": [
    "immigrant",
    "muslim",
    "save",
    "god",
    "offer",
    "govt",
    "racism",
    "abuse",
    "value",
    "india",
    "bill",
    "dead",
    "interview",
    "eat",
    "china",
    "landscape",
    "obama",
    "eastern",
    "complain",
    "dear"
  ],
  "3": [
    "asylum",
    "aid",
    "spend",
    "union",
    "aliens",
    "heart",
    "shame",
    "block",
    "refugeeweek",
    "zone",
    "rid",
    "entry",
    "search",
    "field",
    "worldrefugeeday",
    "tune",
    "produce",
    "ha",
    "eg",
    "wednesday"
  ],
  "4": [
    "europe",
    "budapest",
    "hungary",
    "eurotrip",
    "miss",
    "small",
    "enjoy",
    "outside",
    "rain",
    "throwback",
    "tbt",
    "song",
    "inside",
    "europetour",
    "coffee",
    "individual",
    "canada",
    "petition",
    "look",
    "driver"
  ],
  "5": [
    "eu",
    "migrant",
    "send",
    "pm",
    "ukip",
    "plan",
    "crime",
    "criminal",
    "increase",
    "simply",
    "contribute",
    "rights",
    "charity",
    "milano",
    "ship",
    "special",
    "date",
    "responsible",
    "settle",
    "joke"
  ],
  "6": [
    "man",
    "law",
    "come",
    "see",
    "job",
    "debate",
    "public",
    "listen",
    "gay",
    "eye",
    "create",
    "result",
    "status",
    "voter",
    "east",
    "yeah",
    "warsaw",
    "opinion",
    "include",
    "catch"
  ],
  "7": [
    "year",
    "love",
    "uk",
    "people",
    "ago",
    "police",
    "month",
    "black",
    "set",
    "hand",
    "festival",
    "message",
    "bridge",
    "imagine",
    "mr",
    "second",
    "colleague",
    "fit",
    "stage",
    "arkham"
  ],
  "8": [
    "refugee",
    "seeker",
    "kill",
    "alien",
    "video",
    "enter",
    "experience",
    "deport",
    "check",
    "list",
    "regime",
    "pretty",
    "genuine",
    "picture",
    "artist",
    "currently",
    "fly",
    "chance",
    "later",
    "activist"
  ],
  "9": [
    "europe",
    "head",
    "nation",
    "sunset",
    "strong",
    "close",
    "promise",
    "ok",
    "sit",
    "fun",
    "euro",
    "garden",
    "steal",
    "cathedral",
    "defend",
    "baby",
    "minute",
    "let",
    "europetravel",
    "wine"
  ],
  "10": [
    "migrant",
    "week",
    "open",
    "film",
    "lie",
    "peace",
    "africa",
    "late",
    "join",
    "israel",
    "rescue",
    "land",
    "term",
    "climate",
    "tourism",
    "final",
    "court",
    "couple",
    "streetphotography",
    "flag"
  ],
  "11": [
    "italy",
    "germany",
    "european",
    "place",
    "travel",
    "night",
    "venice",
    "street",
    "instagood",
    "march",
    "sad",
    "class",
    "tour",
    "wonderful",
    "fire",
    "picoftheday",
    "photographer",
    "frankfurt",
    "powerful",
    "center"
  ],
  "12": [
    "work",
    "refugee",
    "covid",
    "border",
    "woman",
    "long",
    "uk",
    "young",
    "hard",
    "poland",
    "power",
    "photooftheday",
    "politic",
    "foreign",
    "deny",
    "traveler",
    "session",
    "ppl",
    "pride",
    "test"
  ],
  "13": [
    "day",
    "support",
    "refugee",
    "exile",
    "yes",
    "mass",
    "action",
    "door",
    "kind",
    "spring",
    "brilliant",
    "continue",
    "birthday",
    "meeting",
    "receive",
    "decide",
    "fantastic",
    "monday",
    "reach",
    "pressure"
  ],
  "14": [
    "new",
    "give",
    "architecture",
    "group",
    "united",
    "come",
    "challenge",
    "yourewelcome",
    "matter",
    "break",
    "centre",
    "welcomehome",
    "fashion",
    "difference",
    "church",
    "include",
    "risk",
    "blue",
    "visa",
    "record"
  ],
  "15": [
    "home",
    "come",
    "immigration",
    "bad",
    "french",
    "food",
    "fact",
    "business",
    "sure",
    "russia",
    "sun",
    "humanitarian",
    "refuge",
    "trade",
    "security",
    "consider",
    "religion",
    "dinner",
    "hundred",
    "surely"
  ],
  "16": [
    "live",
    "brexit",
    "rome",
    "immigration",
    "run",
    "migration",
    "million",
    "happen",
    "number",
    "probably",
    "green",
    "hell",
    "treat",
    "past",
    "lake",
    "fund",
    "foreigner",
    "today",
    "look",
    "finish"
  ],
  "17": [
    "family",
    "friend",
    "labour",
    "allow",
    "st",
    "channel",
    "international",
    "drink",
    "remember",
    "actually",
    "guy",
    "beer",
    "cut",
    "campaign",
    "tower",
    "sorry",
    "mp",
    "patel",
    "sell",
    "bloody"
  ],
  "18": [
    "immigration",
    "people",
    "policy",
    "community",
    "proud",
    "thousand",
    "buy",
    "glasgow",
    "game",
    "impact",
    "common",
    "brother",
    "tomorrow",
    "available",
    "officer",
    "affect",
    "nd",
    "vulnerable",
    "ignore",
    "queue"
  ],
  "19": [
    "camp",
    "vienna",
    "racist",
    "tory",
    "fight",
    "share",
    "case",
    "member",
    "hear",
    "lead",
    "office",
    "forget",
    "tweet",
    "council",
    "solidarity",
    "celebrate",
    "resident",
    "rest",
    "approach",
    "one"
  ],
  "20": [
    "happy",
    "care",
    "make",
    "view",
    "walk",
    "low",
    "vacation",
    "social",
    "article",
    "clear",
    "dog",
    "staff",
    "wage",
    "main",
    "australia",
    "rt",
    "boy",
    "greek",
    "round",
    "go"
  ],
  "21": [
    "syria",
    "europe",
    "trip",
    "sky",
    "isis",
    "die",
    "pro",
    "threat",
    "choose",
    "assad",
    "unitedkingdom",
    "passport",
    "destroy",
    "travel",
    "river",
    "torture",
    "youth",
    "skilled",
    "humanrightsviolation",
    "load"
  ],
  "22": [
    "way",
    "uk",
    "thing",
    "get",
    "immigrant",
    "issue",
    "have",
    "wait",
    "mean",
    "deal",
    "arrive",
    "minister",
    "homeless",
    "guess",
    "present",
    "keep",
    "whilst",
    "mile",
    "press",
    "company"
  ],
  "23": [
    "say",
    "think",
    "rule",
    "america",
    "person",
    "travelgram",
    "water",
    "politician",
    "explain",
    "fair",
    "race",
    "act",
    "instatravel",
    "mother",
    "life",
    "completely",
    "referendum",
    "official",
    "generation",
    "way"
  ],
  "24": [
    "help",
    "today",
    "thank",
    "berlin",
    "learn",
    "team",
    "refugees",
    "calais",
    "mountain",
    "spanish",
    "victim",
    "munich",
    "bit",
    "go",
    "region",
    "thought",
    "ukraine",
    "rape",
    "ill",
    "deportation"
  ],
  "25": [
    "country",
    "british",
    "let",
    "nhs",
    "safe",
    "bear",
    "try",
    "show",
    "society",
    "beach",
    "sound",
    "forward",
    "irish",
    "early",
    "christmas",
    "geneva",
    "response",
    "majority",
    "put",
    "think"
  ],
  "26": [
    "spain",
    "life",
    "be",
    "story",
    "money",
    "photo",
    "photography",
    "german",
    "true",
    "pariah",
    "raise",
    "sea",
    "project",
    "castle",
    "ready",
    "moment",
    "refuse",
    "lol",
    "bird",
    "poll"
  ],
  "27": [
    "right",
    "need",
    "government",
    "syrian",
    "follow",
    "idea",
    "hold",
    "culture",
    "freedom",
    "global",
    "rise",
    "wing",
    "huge",
    "wife",
    "arrest",
    "target",
    "fill",
    "supporter",
    "live",
    "shut"
  ],
  "28": [
    "france",
    "london",
    "paris",
    "england",
    "music",
    "light",
    "migraine",
    "winter",
    "yesterday",
    "train",
    "building",
    "begin",
    "snow",
    "weather",
    "launch",
    "manage",
    "targetedindividual",
    "grand",
    "migrants",
    "urban"
  ],
  "29": [
    "refugee",
    "crisis",
    "lose",
    "real",
    "turn",
    "force",
    "europeanelection",
    "kingdom",
    "exile",
    "selfie",
    "student",
    "unhcr",
    "possible",
    "work",
    "role",
    "process",
    "awesome",
    "muslims",
    "idiot",
    "training"
  ],
  "30": [
    "time",
    "world",
    "humanity",
    "beautiful",
    "humanright",
    "evening",
    "sort",
    "conference",
    "journey",
    "mention",
    "flight",
    "worldwide",
    "mate",
    "suspect",
    "cash",
    "tear",
    "good",
    "decade",
    "austerity",
    "zurich"
  ],
  "31": [
    "not",
    "like",
    "know",
    "well",
    "feel",
    "house",
    "change",
    "white",
    "weekend",
    "understand",
    "answer",
    "course",
    "terrorist",
    "life",
    "conservative",
    "leadership",
    "bank",
    "influx",
    "accommodation",
    "collaboration"
  ],
  "32": [
    "immigrant",
    "migrant",
    "art",
    "history",
    "win",
    "service",
    "lot",
    "europeanelections",
    "able",
    "focus",
    "dream",
    "like",
    "military",
    "room",
    "large",
    "mental",
    "cause",
    "mind",
    "style",
    "cameron"
  ],
  "33": [
    "state",
    "read",
    "explore",
    "local",
    "leader",
    "europe",
    "fail",
    "sign",
    "national",
    "lunatic",
    "population",
    "fear",
    "concern",
    "democracy",
    "spot",
    "age",
    "step",
    "space",
    "university",
    "wake"
  ],
  "34": [
    "welcome",
    "refugee",
    "uk",
    "problem",
    "refugeeswelcome",
    "seek",
    "word",
    "hotel",
    "base",
    "tax",
    "cloud",
    "car",
    "life",
    "instead",
    "autumn",
    "la",
    "evidence",
    "partner",
    "promote",
    "integration"
  ],
  "35": [
    "solution",
    "den",
    "jewish",
    "identity",
    "episode",
    "stigmabase",
    "gun",
    "afghan",
    "convention",
    "belief",
    "seekers",
    "manifesto",
    "sight",
    "anger",
    "scary",
    "inclusive",
    "location",
    "seville",
    "soft",
    "quota"
  ],
  "36": [
    "migrant",
    "leave",
    "control",
    "worker",
    "report",
    "ask",
    "use",
    "away",
    "return",
    "political",
    "reason",
    "accept",
    "turkey",
    "president",
    "pass",
    "key",
    "army",
    "prove",
    "require",
    "humantrafficking"
  ],
  "37": [
    "look",
    "go",
    "child",
    "start",
    "benefit",
    "school",
    "roma",
    "end",
    "housing",
    "event",
    "interesting",
    "move",
    "somalia",
    "write",
    "cover",
    "tv",
    "treatment",
    "suggest",
    "abroad",
    "form"
  ],
  "38": [
    "human",
    "news",
    "watch",
    "tonight",
    "attack",
    "morocco",
    "travelphotography",
    "museum",
    "bbc",
    "red",
    "self",
    "provide",
    "line",
    "lgbt",
    "parent",
    "rich",
    "violence",
    "single",
    "smile",
    "season"
  ],
  "39": [
    "good",
    "old",
    "morning",
    "face",
    "nice",
    "english",
    "speak",
    "venezuela",
    "nature",
    "soon",
    "death",
    "language",
    "lovely",
    "ireland",
    "add",
    "poverty",
    "european",
    "cool",
    "laugh",
    "hamburg"
  ],
  "40": [
    "uk",
    "netherlands",
    "point",
    "scotland",
    "barcelona",
    "system",
    "believe",
    "trump",
    "visit",
    "adventure",
    "post",
    "milan",
    "boris",
    "education",
    "tories",
    "italian",
    "firenze",
    "piece",
    "exist",
    "positive"
  ],
  "41": [
    "talk",
    "immigration",
    "bring",
    "tell",
    "stay",
    "build",
    "oh",
    "girl",
    "south",
    "african",
    "florence",
    "wish",
    "respect",
    "colour",
    "economy",
    "need",
    "wonder",
    "comment",
    "nigel",
    "truth"
  ],
  "42": [
    "vote",
    "people",
    "immigration",
    "anti",
    "blame",
    "remain",
    "agree",
    "will",
    "election",
    "protect",
    "little",
    "johnson",
    "medium",
    "grow",
    "middle",
    "plus",
    "market",
    "movement",
    "expect",
    "skill"
  ],
  "43": [
    "stop",
    "find",
    "austria",
    "claim",
    "big",
    "high",
    "future",
    "country",
    "situation",
    "american",
    "level",
    "stockholm",
    "friday",
    "europeanunion",
    "traveleurope",
    "doctor",
    "desperate",
    "ground",
    "current",
    "example"
  ],
  "44": [
    "people",
    "take",
    "uk",
    "health",
    "hope",
    "un",
    "try",
    "shoot",
    "easy",
    "finally",
    "cost",
    "tourist",
    "especially",
    "justice",
    "absolutely",
    "hospital",
    "bbcqt",
    "host",
    "football",
    "drop"
  ],
  "45": [
    "immigration",
    "party",
    "area",
    "en",
    "th",
    "hour",
    "access",
    "wall",
    "link",
    "twitter",
    "lockdown",
    "coronavirus",
    "research",
    "sense",
    "realise",
    "scottish",
    "vs",
    "model",
    "perfect",
    "earth"
  ],
  "46": [
    "europe",
    "city",
    "summer",
    "holiday",
    "holland",
    "usa",
    "espaa",
    "online",
    "fall",
    "road",
    "cold",
    "canal",
    "coast",
    "deutschland",
    "somali",
    "flower",
    "polish",
    "colosseum",
    "palace",
    "celiogermanydesk"
  ],
  "47": [
    "great",
    "call",
    "immigration",
    "question",
    "town",
    "airport",
    "protest",
    "north",
    "discuss",
    "europa",
    "discussion",
    "club",
    "islamic",
    "west",
    "turkish",
    "decision",
    "dutch",
    "throw",
    "half",
    "secretary"
  ],
  "48": [
    "immigrant",
    "illegal",
    "want",
    "britain",
    "pay",
    "legal",
    "shit",
    "work",
    "park",
    "island",
    "station",
    "taxis",
    "manchester",
    "give",
    "blair",
    "waste",
    "recently",
    "relax",
    "danger",
    "brown"
  ],
  "49": [
    "travel",
    "amsterdam",
    "switzerland",
    "sweden",
    "farage",
    "meet",
    "italia",
    "kid",
    "madrid",
    "apply",
    "de",
    "wanderlust",
    "non",
    "alllivesmatter",
    "left",
    "travelblogger",
    "expat",
    "memory",
    "folk",
    "europedebate"
  ]
}